NOM DE LA RESSOURCE;DESCRIPTION;LIEN;IDs - FILTRES;IMAGE;AUTEUR.ICES
Lien vers la racine du projet;Doit amener √† la racine du r√©pertoire hebergeant l'instance Katalog - Cliente.;#;Installation;;Konsilion
Fichier mkdocs.yml;Modifier le fichier de param√®trage mkdocs.;#;Installation;;Konsilion
Fichier konsilion.json;Modifier le fichier de param√®trage katalog.;#;Installation;;Konsilion
Modifier la page d'accueil;Une petite introduction de qui vous √™tes üòâ. (language markdown);#;Installation;;Konsilion
Modifier la page d'information;Si l'on souhaite vous rencontrer ou en savoir plus tout simplement :) (language markdown);#;Installation;;Konsilion
Pr√©sentation vid√©o;;#;Premiers Pas;;Konsilion
Logique g√©n√©rale;;#;Premiers Pas;;Konsilion
Premier cas pratique;;#;Premiers Pas;;Konsilion
Changer le token - Git;;#;Utilisation;;Konsilion
Ajouter ou modifier une nouvelle section;;#;Utilisation;;Konsilion
Guide du 'd√©bogage';;#;Utilisation;;Konsilion
